{
    "type":"immersiveengineering:mineral_mix",
    "dimensions":
        [
            "minecraft:overworld"
        ],
    "fail_chance":0.5,
    "ores":
        [
            {
                "chance":0.4,
                "output":
                    {
                        "item":"minecraft:polished_blackstone_bricks"
                    }
                },
            {
                "chance":0.3,
                "output":
                    {
                        "item":"minecraft:polished_blackstone"
                    }
                },
            {
                "chance":0.2,
                "output":
                    {
                        "item":"minecraft:chiseled_polished_blackstone"
                    }
                },
            {
                "chance":0.1,
                "output":
                    {
                        "item":"minecraft:gilded_blackstone"
                    }
            }
        ],
    "sample_background":"minecraft:polished_blackstone",
    "spoils":
        [
            {
                "chance":0.5,
                "output":
                    {
                        "item":"minecraft:netherrack"
                    }
                },
            {
                "chance":0.3,
                "output":
                    {
                        "item":"minecraft:basalt"
                    }
                },
            {
                "chance":0.2,
                "output":
                    {
                        "item":"minecraft:gravel"
                    }
            }
        ],
    "weight":8
}
