{
    "type":"immersiveengineering:mineral_mix",
    "dimensions":
        [
            "minecraft:overworld"
        ],
    "fail_chance":0.05,
    "ores":
        [
            {
                "chance":0.3,
                "output":
                    {
                        "item":"minecraft:granite"
                    }
                },
            {
                "chance":0.3,
                "output":
                    {
                        "item":"minecraft:diorite"
                    }
                },
            {
                "chance":0.3,
                "output":
                    {
                        "item":"minecraft:andesite"
                    }
                },
            {
                "chance":0.1,
                "output":
                    {
                        "item":"minecraft:obsidian"
                    }
            }
        ],
    "spoils":
        [
            {
                "chance":0.2,
                "output":
                    {
                        "item":"minecraft:gravel"
                    }
                },
            {
                "chance":0.5,
                "output":
                    {
                        "item":"minecraft:cobblestone"
                    }
                },
            {
                "chance":0.3,
                "output":
                    {
                        "item":"minecraft:cobbled_deepslate"
                    }
            }
        ],
    "weight":25
}