{
    "type":"immersiveengineering:mineral_mix",
    "conditions":
    [
        {
            "type":"forge:not",
            "value":
            {
                "type":"forge:tag_empty",
                "tag":"forge:tag_empty"
            }
        }
    ],
    "dimensions":
        [
            "minecraft:overworld"
        ],
    "fail_chance":0.15,
    "ores":
        [
            {
                "chance":0.6,
                "output":
                    {
                        "item":"minecraft:nether_quartz_ore"
                    }
                },
            {
                "chance":0.2,
                "output":
                    {
                        "item":"minecraft:nether_gold_ore"
                    }
                },
            {
                "chance":0.2,
                "output":
                    {
                        "tag":"forge:dusts/sulfur"
                    }
            }
        ],
    "sample_background":"minecraft:netherrack",
    "spoils":
        [
            {
                "chance":0.5,
                "output":
                    {
                        "item":"minecraft:netherrack"
                    }
                },
            {
                "chance":0.3,
                "output":
                    {
                        "item":"minecraft:basalt"
                    }
                },
            {
                "chance":0.2,
                "output":
                    {
                        "item":"minecraft:gravel"
                    }
            }
        ],
    "weight":20
}