{
    "type":"immersiveengineering:mineral_mix",
    "dimensions":
        [
            "minecraft:overworld"
        ],
    "fail_chance":0.05,
    "ores":
        [
            {
                "chance":0.5,
                "output":
                    {
                        "item":"minecraft:soul_soil"
                    }
                },
            {
                "chance":0.3,
                "output":
                    {
                        "item":"minecraft:soul_sand"
                    }
                },
            {
                "chance":0.2,
                "output":
                    {
                        "item":"minecraft:gravel"
                    }
            }
        ],
    "sample_background":"minecraft:soul_soil",
    "spoils":
        [
            {
                "chance":0.5,
                "output":
                    {
                        "item":"minecraft:netherrack"
                    }
                },
            {
                "chance":0.3,
                "output":
                    {
                        "item":"minecraft:basalt"
                    }
                },
            {
                "chance":0.2,
                "output":
                    {
                        "item":"minecraft:gravel"
                    }
            }
        ],
    "weight":15
}