{
    "type":"immersiveengineering:mineral_mix",
    "conditions":
    [
        {
            "type":"forge:not",
            "value":
            {
                "type":"forge:tag_empty",
                "tag":"forge:tag_empty"
            }
        }
    ],
    "dimensions":
        [
            "minecraft:overworld"
        ],
    "fail_chance":0.05,
    "ores":
        [
            {
                "chance":0.35,
                "output":
                    {
                        "tag":"forge:ores/iron"
                    }
                },
            {
                "chance":0.35,
                "output":
                    {
                        "tag":"forge:ores/nickel"
                    }
                },
            {
                "chance":0.3,
                "output":
                    {
                        "tag":"forge:dusts/sulfur"
                    }
            }
        ],
    "spoils":
        [
            {
                "chance":0.2,
                "output":
                    {
                        "item":"minecraft:gravel"
                    }
                },
            {
                "chance":0.5,
                "output":
                    {
                        "item":"minecraft:cobblestone"
                    }
                },
            {
                "chance":0.3,
                "output":
                    {
                        "item":"minecraft:cobbled_deepslate"
                    }
            }
        ],
    "weight":25
}