{
    "type":"immersiveengineering:mineral_mix",
    "dimensions":
        [
            "minecraft:overworld"
        ],
    "fail_chance":0.05,
    "ores":
        [
            {
                "chance":0.5,
                "output":
                    {
                        "item":"minecraft:clay"
                    }
                },
            {
                "chance":0.3,
                "output":
                    {
                        "item":"minecraft:sand"
                    }
                },
            {
                "chance":0.2,
                "output":
                    {
                        "item":"minecraft:gravel"
                    }
            }
        ],
    "spoils":
        [
            {
                "chance":0.2,
                "output":
                    {
                        "item":"minecraft:coarse_dirt"
                    }
                },
            {
                "chance":0.5,
                "output":
                    {
                        "item":"minecraft:cobblestone"
                    }
                },
            {
                "chance":0.3,
                "output":
                    {
                        "item":"minecraft:cobbled_deepslate"
                    }
            }
        ],
    "weight":25
}