{
    "type":"immersiveengineering:mineral_mix",
    "conditions":
    [
        {
            "type":"forge:not",
            "value":
            {
                "type":"forge:tag_empty",
                "tag":"forge:tag_empty"
            }
        }
    ],
    "dimensions":
        [
            "minecraft:overworld"
        ],
    "fail_chance":0.1,
    "ores":
        [
            {
                "chance":0.5,
                "output":
                    {
                        "tag":"forge:ores/tungsten"
                    }
                },
            {
                "chance":0.5,
                "output":
                    {
                        "tag":"forge:ores/iron"
                    }
                },
            {
                "chance":0.5,
                "conditions":
                    [
                        {
                            "type":"forge:not",
                            "value":
                                {
                                    "type":"forge:tag_empty",
                                    "tag":"forge:ores/manganese"
                                }
                        }
                    ],
                "output":
                    {
                        "tag":"forge:ores/manganese"
                    }
            }
        ],
    "spoils":
        [
            {
                "chance":0.2,
                "output":
                    {
                        "item":"minecraft:gravel"
                    }
                },
            {
                "chance":0.5,
                "output":
                    {
                        "item":"minecraft:cobblestone"
                    }
                },
            {
                "chance":0.3,
                "output":
                    {
                        "item":"minecraft:cobbled_deepslate"
                    }
            }
        ],
    "weight":5
}